{
	"IcoMoonType": "selection",
	"icons": [
		{
			"icon": {
				"paths": [
					"M1024 512c0-282.77-229.23-512-512-512s-512 229.23-512 512 229.23 512 512 512 512-229.23 512-512zM96 512c0-229.75 186.25-416 416-416s416 186.25 416 416-186.25 416-416 416-416-186.25-416-416z",
					"M317.256 354.744l-90.512 90.512 285.256 285.254 285.254-285.256-90.508-90.508-194.746 194.744z"
				],
				"attrs": [
					{},
					{}
				],
				"isMulticolor": false,
				"tags": [
					"circle-down",
					"down",
					"circle-bottom",
					"arrow"
				],
				"grid": 16
			},
			"attrs": [
				{},
				{}
			],
			"properties": {
				"order": 1,
				"id": 1,
				"prevSize": 16,
				"code": 58880,
				"name": "circle-down"
			},
			"setIdx": 0,
			"setId": 2,
			"iconIdx": 0
		},
		{
			"icon": {
				"paths": [
					"M0 512c0 282.77 229.23 512 512 512s512-229.23 512-512-229.23-512-512-512-512 229.23-512 512zM928 512c0 229.75-186.25 416-416 416s-416-186.25-416-416 186.25-416 416-416 416 186.25 416 416z",
					"M706.744 669.256l90.512-90.512-285.256-285.254-285.254 285.256 90.508 90.508 194.746-194.744z"
				],
				"attrs": [
					{},
					{}
				],
				"isMulticolor": false,
				"tags": [
					"circle-up",
					"up",
					"circle-top",
					"arrow"
				],
				"grid": 16
			},
			"attrs": [
				{},
				{}
			],
			"properties": {
				"order": 2,
				"id": 0,
				"prevSize": 16,
				"code": 58881,
				"name": "circle-up"
			},
			"setIdx": 0,
			"setId": 2,
			"iconIdx": 1
		},
		{
			"icon": {
				"paths": [
					"M0 1024c128-384 463-1024 1024-1024-263 211-384 704-576 704s-192 0-192 0l-192 320h-64z"
				],
				"attrs": [],
				"tags": [
					"quill",
					"feather",
					"write",
					"edit"
				],
				"defaultCode": 57363,
				"grid": 16
			},
			"attrs": [],
			"properties": {
				"id": 70,
				"order": 4,
				"prevSize": 16,
				"code": 59655,
				"ligatures": "quill, feather",
				"name": "quill"
			},
			"setIdx": 1,
			"setId": 0,
			"iconIdx": 7
		},
		{
			"icon": {
				"paths": [
					"M1024 397.050l-353.78-51.408-158.22-320.582-158.216 320.582-353.784 51.408 256 249.538-60.432 352.352 316.432-166.358 316.432 166.358-60.434-352.352 256.002-249.538zM512 753.498l-223.462 117.48 42.676-248.83-180.786-176.222 249.84-36.304 111.732-226.396 111.736 226.396 249.836 36.304-180.788 176.222 42.678 248.83-223.462-117.48z"
				],
				"attrs": [],
				"tags": [
					"star-empty",
					"rate",
					"star",
					"favorite",
					"bookmark"
				],
				"defaultCode": 58111,
				"grid": 16
			},
			"attrs": [],
			"properties": {
				"id": 863,
				"order": 3,
				"prevSize": 16,
				"code": 59863,
				"ligatures": "star-empty, rate",
				"name": "star-empty"
			},
			"setIdx": 1,
			"setId": 0,
			"iconIdx": 215
		}
	],
	"height": 1024,
	"metadata": {
		"name": "icomoon"
	},
	"preferences": {
		"showGlyphs": true,
		"showQuickUse": true,
		"showQuickUse2": true,
		"showSVGs": true,
		"fontPref": {
			"prefix": "icon-",
			"metadata": {
				"fontFamily": "icomoon"
			},
			"metrics": {
				"emSize": 1024,
				"baseline": 6.25,
				"whitespace": 50
			}
		},
		"imagePref": {
			"prefix": "icon-",
			"png": true,
			"useClassSelector": true,
			"color": 4473924,
			"bgColor": 16777215,
			"classSelector": ".icon"
		},
		"historySize": 100,
		"showCodes": false,
		"gridSize": 16
	}
}